-- phpMyAdmin SQL Dump
-- version 5.2.1
-- https://www.phpmyadmin.net/
--
-- Host: 127.0.0.1
-- Generation Time: Sep 26, 2024 at 09:58 PM
-- Server version: 10.4.32-MariaDB
-- PHP Version: 8.2.12

SET SQL_MODE = "NO_AUTO_VALUE_ON_ZERO";
START TRANSACTION;
SET time_zone = "+00:00";


/*!40101 SET @OLD_CHARACTER_SET_CLIENT=@@CHARACTER_SET_CLIENT */;
/*!40101 SET @OLD_CHARACTER_SET_RESULTS=@@CHARACTER_SET_RESULTS */;
/*!40101 SET @OLD_COLLATION_CONNECTION=@@COLLATION_CONNECTION */;
/*!40101 SET NAMES utf8mb4 */;

--
-- Database: `course_db`
--

-- --------------------------------------------------------

--
-- Table structure for table `bookmark`
--

CREATE TABLE `bookmark` (
  `user_id` int(11) NOT NULL,
  `playlist_id` int(11) NOT NULL
) ENGINE=InnoDB DEFAULT CHARSET=utf8mb4 COLLATE=utf8mb4_general_ci;

--
-- Dumping data for table `bookmark`
--

INSERT INTO `bookmark` (`user_id`, `playlist_id`) VALUES
(8, 4);

-- --------------------------------------------------------

--
-- Table structure for table `books`
--

CREATE TABLE `books` (
  `id` int(11) NOT NULL,
  `tutor_id` int(11) NOT NULL,
  `title` varchar(100) NOT NULL,
  `book_image` varchar(255) NOT NULL,
  `description` text NOT NULL,
  `author` varchar(100) NOT NULL,
  `num_pages` int(11) NOT NULL,
  `book_file` varchar(255) NOT NULL,
  `upload_date` timestamp NOT NULL DEFAULT current_timestamp(),
  `category_id` int(11) NOT NULL
) ENGINE=InnoDB DEFAULT CHARSET=utf8mb4 COLLATE=utf8mb4_general_ci;

--
-- Dumping data for table `books`
--

INSERT INTO `books` (`id`, `tutor_id`, `title`, `book_image`, `description`, `author`, `num_pages`, `book_file`, `upload_date`, `category_id`) VALUES
(52, 9, 'HTML5', 'mpu6KQNMlxwiQphbRY4j.png', 'HTML ูุบุฉ ุชุฑููุฒ ุงููุต ุงููุงุฆู โุ ูู ูุบุฉ ุชุฑููุฒ ุชุณุชุฎุฏู ูู ุฅูุดุงุก ูุชุตููู ุตูุญุงุช ูููุงูุน ุงูููุจุ ูุชุนุชุจุฑ ูุฐู ุงูููุบุฉ ูู ุฃูุฏู ุงูููุบุงุช ูุฃูุณุนูุง ุงุณุชุฎุฏุงูุง ูู ุชุตููู ุตูุญุงุช ุงูููุจ.', 'ุงุณุงูุฉ ูุญูุฏ', 39, 'LnjRgbEVvJXAhK3TkKPb.pdf', '2024-09-15 05:21:06', 7),
(53, 9, 'ุงูุนููุงุช ุงูุฑูููุฉ - ุฏุฑุงุณุฉ ุงูุชุตุงุฏูุฉ ุดุฑุนูุฉ-', 'fHtzBx0AsIIriMVwZhvO.png', 'ุฏุฑุงุณุฉ ุงูุชุตุงุฏูุฉ ูุงููููุฉ ุดุฑุนูุฉ ูุฑููุฒุฉ ุญูู ุงูุนููุงุช ุงูุฑูููุฉุ ูุน ูุตู ุชููู ุดุงูู ููุงุ ูุจูุงูู ูุฃูู ุงูุฃุญูุงู ูุงูุถูุงุจุท ุงูุดุฑุนูุฉ ุงูุญุงููุฉ ููุฐุง ุงููุฌุงู.', 'ุฏ. ุฃุจููุตุฑ ุดุฎุงุฑ', 154, 'F1QstQq42wslv5kbFAmr.pdf', '2024-09-15 05:32:11', 5);

-- --------------------------------------------------------

--
-- Table structure for table `categories`
--

CREATE TABLE `categories` (
  `id` int(11) NOT NULL,
  `name_ar` varchar(100) NOT NULL,
  `name_en` varchar(100) NOT NULL
) ENGINE=InnoDB DEFAULT CHARSET=utf8mb4 COLLATE=utf8mb4_general_ci;

--
-- Dumping data for table `categories`
--

INSERT INTO `categories` (`id`, `name_ar`, `name_en`) VALUES
(1, 'ุงูุชุทููุฑ', 'Development'),
(2, 'ุชูููุฉ ุจุดุฑูุฉ', 'Human Development'),
(3, 'ุงูุชุตููู', 'Design'),
(4, 'ุงูุงุนูุงู', 'Business'),
(5, 'ุงูุชุณููู', 'Marketing'),
(6, 'ูุบุงุช', 'Languages'),
(7, 'ุงูุจุฑูุฌูุงุช', 'Software'),
(8, 'ุงูุนููู', 'Science');

-- --------------------------------------------------------

--
-- Table structure for table `comments`
--

CREATE TABLE `comments` (
  `id` int(11) NOT NULL,
  `content_id` int(11) NOT NULL,
  `user_id` int(11) NOT NULL,
  `tutor_id` int(11) NOT NULL,
  `comment` varchar(1000) NOT NULL,
  `date` date NOT NULL DEFAULT current_timestamp()
) ENGINE=InnoDB DEFAULT CHARSET=utf8mb4 COLLATE=utf8mb4_general_ci;

--
-- Dumping data for table `comments`
--

INSERT INTO `comments` (`id`, `content_id`, `user_id`, `tutor_id`, `comment`, `date`) VALUES
(67, 86, 8, 9, 'ุดุฑุญ ููุชุงุฒ!', '2024-09-15'),
(81, 86, 8, 9, 'ุงูุถู ุฏูุฑุฉ ุชุนููููุฉ ูุชุทููุฑ ุงูุงูุนุงุจ 3>', '2024-09-15');

-- --------------------------------------------------------

--
-- Table structure for table `content`
--

CREATE TABLE `content` (
  `id` int(11) NOT NULL,
  `tutor_id` int(11) NOT NULL,
  `playlist_id` int(11) NOT NULL,
  `title` varchar(100) NOT NULL,
  `description` varchar(1000) NOT NULL,
  `video` varchar(100) NOT NULL,
  `thumb` varchar(100) NOT NULL,
  `date` date NOT NULL DEFAULT current_timestamp(),
  `status` varchar(20) NOT NULL DEFAULT 'deactive'
) ENGINE=InnoDB DEFAULT CHARSET=utf8mb4 COLLATE=utf8mb4_general_ci;

--
-- Dumping data for table `content`
--

INSERT INTO `content` (`id`, `tutor_id`, `playlist_id`, `title`, `description`, `video`, `thumb`, `date`, `status`) VALUES
(86, 9, 7, '#1 what is Godot', 'ููุฏูุฉ ุจุณูุทุฉ ุนู ูุญุฑู (Godot)', 'jYx4vE15CemVNqai8Ujm.mp4', 'LSqLV0FvdJJ8xtSn4pmL.png', '2024-09-15', 'active');

-- --------------------------------------------------------

--
-- Table structure for table `likes`
--

CREATE TABLE `likes` (
  `user_id` int(11) NOT NULL,
  `tutor_id` int(11) NOT NULL,
  `content_id` int(11) NOT NULL
) ENGINE=InnoDB DEFAULT CHARSET=utf8mb4 COLLATE=utf8mb4_general_ci;

--
-- Dumping data for table `likes`
--

INSERT INTO `likes` (`user_id`, `tutor_id`, `content_id`) VALUES
(8, 9, 86);

-- --------------------------------------------------------

--
-- Table structure for table `mcq`
--

CREATE TABLE `mcq` (
  `id` int(11) NOT NULL,
  `content_id` int(11) NOT NULL,
  `question` varchar(255) NOT NULL
) ENGINE=InnoDB DEFAULT CHARSET=utf8mb4 COLLATE=utf8mb4_general_ci;

--
-- Dumping data for table `mcq`
--

INSERT INTO `mcq` (`id`, `content_id`, `question`) VALUES
(57, 86, ' ูุง ูู ูุญุฑู Godotุ'),
(58, 86, 'ูุง ูู ูุบุฉ ุงูุจุฑูุฌุฉ ุงูุฑุฆูุณูุฉ ุงููุณุชุฎุฏูุฉ ูู ูุญุฑู Godotุ'),
(59, 86, ' ุฃู ูู ูุฐู ุงูุฎูุงุฑุงุช ูู ุงููุธุงู ุงูุฐู ูุณุชุฎุฏูู Godot ููุชุนุงูู ูุน ุงููุดุงูุฏ ูุงูุฃุฌุณุงูุ'),
(60, 86, 'ูุง ูู ุงูุชูููุฉ ุงูุชู ูุณุชุฎุฏููุง Godot ููุนุงูุฌุฉ ุงูุฑุณููุงุช ุซูุงุซูุฉ ุงูุฃุจุนุงุฏุ');

-- --------------------------------------------------------

--
-- Table structure for table `mcq_options`
--

CREATE TABLE `mcq_options` (
  `id` int(11) NOT NULL,
  `mcq_id` int(11) NOT NULL,
  `option_text` varchar(255) NOT NULL,
  `is_correct` tinyint(1) NOT NULL DEFAULT 0
) ENGINE=InnoDB DEFAULT CHARSET=utf8mb4 COLLATE=utf8mb4_general_ci;

--
-- Dumping data for table `mcq_options`
--

INSERT INTO `mcq_options` (`id`, `mcq_id`, `option_text`, `is_correct`) VALUES
(129, 57, 'ูุญุฑู ุจุฑูุฌุฉ ููุฐูุงุก ุงูุงุตุทูุงุนู', 0),
(130, 57, 'ูุญุฑู ุฃูุนุงุจ ููุชูุญ ุงููุตุฏุฑ', 1),
(131, 57, 'ุจุฑูุงูุฌ ูุชุญุฑูุฑ ุงูููุฏูู', 0),
(132, 57, 'ููุตุฉ ุชุทููุฑ ุชุทุจููุงุช ุงููุงุชู', 0),
(133, 58, '++C', 0),
(134, 58, 'Python', 0),
(135, 58, 'GDScript', 1),
(136, 58, 'Java', 0),
(137, 59, 'ูุธุงู ุงูุนูุฏ (Nodes)', 1),
(138, 59, 'ูุธุงู ุงูุดุฑุงุฆุญ (Layers)', 0),
(139, 59, 'ูุธุงู ุงููุตูููุงุช (Matrices)', 0),
(140, 59, ' ูุธุงู ุงููุฌููุนุงุช (Groups)', 0),
(141, 60, 'DirectX', 0),
(142, 60, 'OpenGL', 0),
(143, 60, 'Vulkan', 1),
(144, 60, 'Metal', 0);

-- --------------------------------------------------------

--
-- Table structure for table `playlist`
--

CREATE TABLE `playlist` (
  `id` int(11) NOT NULL,
  `tutor_id` int(11) NOT NULL,
  `title` varchar(100) NOT NULL,
  `description` varchar(1000) NOT NULL,
  `thumb` varchar(100) NOT NULL,
  `date` date NOT NULL DEFAULT current_timestamp(),
  `status` varchar(20) NOT NULL DEFAULT 'deactive',
  `category_id` int(11) NOT NULL
) ENGINE=InnoDB DEFAULT CHARSET=utf8mb4 COLLATE=utf8mb4_general_ci;

--
-- Dumping data for table `playlist`
--

INSERT INTO `playlist` (`id`, `tutor_id`, `title`, `description`, `thumb`, `date`, `status`, `category_id`) VALUES
(4, 9, 'HTML', 'ุชุนูู ูุบุฉ (HTML) ูููููุฉ ุงูููุงูุน ุงูุงูุชุฑูููุฉ ', 'VsqV4Kry0dYCOfzIiten.png', '2024-09-15', 'active', 7),
(7, 9, 'Godot 2D', 'ุชุนูู ุชุทููุฑ ุงูุงูุนุงุจ ูู ูุญุฑู ุฌูุฏูุช ููุชูุญ ุงููุตุฏุฑ ู ุงููุฌุงูู ูู ุงูุตูุฑ ุงูู ุงูุงุญุชุฑุงู', 'FXREyOMNNeAdgM4dveWq.png', '2024-09-15', 'active', 1),
(8, 9, 'ูู ุงูุซูุฉ ุจุงูููุณ', 'ูุญุชููุงุช ุงูุฏูุฑุฉ: ููููู ุงูุซูุฉ ุจุงูููุณุ ุชุนุฑูู ุนูู ููุณู \r\nูุญููู ุฃููุงุฑูุ ุนูุงุฌ ุถุนู ุงูุซูุฉ ุจุงูููุณุ ููุงุฑุณุฉ ุงูุซูุฉ ุจุงูููุณ ุนูู ุฃุฑุถ ุงููุงูุน.', 'mBhvFHTXVl8nj8hnAe76.jpg', '2024-09-15', 'deactive', 2),
(9, 9, 'ุชุนูู ุชุตููู ุชุฌุฑุจุฉ ุงููุณุชุฎุฏู/ูุงุฌูุฉ ุงููุณุชุฎุฏู', 'ุชุนููู ุฃุณุงุณูุงุช ุงูุจุญุซ ูุงูุชุตููู ุงููุชุนูููู ุจุชุฌุฑุจุฉ ุงููุณุชุฎุฏู/ูุงุฌูุฉ ุงููุณุชุฎุฏู (UI/UX). ุงูุงูุบูุงุณ ูู ุนูููุฉ ุชุฌุฑุจุฉ ุงููุณุชุฎุฏู ููุชุนุฑู ุนูู ุงููุดููุงุช ูุชูุฑุงุฑ ูุงุฎุชุจุงุฑ ุงูุชุตุงููู ูุฅูุฌุงุฏ ุงูุญููู ุงูููุงุณุจุฉ.', 'Ey1C8i77iSxkbA2bUCOp.jpg', '2024-09-15', 'active', 3);

-- --------------------------------------------------------

--
-- Table structure for table `tutors`
--

CREATE TABLE `tutors` (
  `id` int(11) NOT NULL,
  `name` varchar(50) NOT NULL,
  `profession` varchar(50) NOT NULL,
  `profession_ar` varchar(50) NOT NULL,
  `email` varchar(100) NOT NULL,
  `password` varchar(50) NOT NULL,
  `image` varchar(100) NOT NULL
) ENGINE=InnoDB DEFAULT CHARSET=utf8mb4 COLLATE=utf8mb4_general_ci;

--
-- Dumping data for table `tutors`
--

INSERT INTO `tutors` (`id`, `name`, `profession`, `profession_ar`, `email`, `password`, `image`) VALUES
(9, 'ASA', 'engineer', 'ูููุฏุณ', 'mrphorgmmm@gmail.com', '601f1889667efaebb33b8c12572835da3f027f78', 'bGRgQr5ytMpWlGXfS37T.jpg'),
(10, 'Esmail', 'developer', '', 'esmail@gmail.com', '601f1889667efaebb33b8c12572835da3f027f78', '9eGyd2dvo0xgWYz7y4h3.jpg'),
(11, 'Farooq', 'teacher', '', 'farooq@gmail.com', '601f1889667efaebb33b8c12572835da3f027f78', 'VFiSjJIlQQ4CpuHfV8F4.jpg');

-- --------------------------------------------------------

--
-- Table structure for table `users`
--

CREATE TABLE `users` (
  `id` int(11) NOT NULL,
  `name` varchar(50) NOT NULL,
  `email` varchar(100) NOT NULL,
  `password` varchar(50) NOT NULL,
  `image` varchar(100) NOT NULL
) ENGINE=InnoDB DEFAULT CHARSET=utf8mb4 COLLATE=utf8mb4_general_ci;

--
-- Dumping data for table `users`
--

INSERT INTO `users` (`id`, `name`, `email`, `password`, `image`) VALUES
(1, 'Ahmed Ali', 'alazokari@hotmail.co', '7c4a8d09ca3762af61e59520943dc26494f8941b', 'o79p5UOsW7mmt018Ka3V.png'),
(2, 'Khaled', 'test1@gmail.com', '40bd001563085fc35165329ea1ff5c5ecbdbbeef', 'G1QAS8y2NEMGFhxj3NKy.png'),
(6, 'ุฃุญูุฏ', 'user@gmail.com', '7ab395624ef7fa7cdecb7a6a4bebfae20c81a2e4', 'vgueOgJTDNiEMActzVdN.jpg'),
(7, 'Alaa', 'alaa8@gmail.com', '7ab395624ef7fa7cdecb7a6a4bebfae20c81a2e4', 'pTaANkPpQZ8tNrDfzqUp.webp'),
(8, 'Mohammed', 'mrphorgmmm@gmail.com', '601f1889667efaebb33b8c12572835da3f027f78', 'UQ57ZoGIKqulfBNqoxSA.jpg');

-- --------------------------------------------------------

--
-- Table structure for table `user_chats`
--

CREATE TABLE `user_chats` (
  `id` int(11) NOT NULL,
  `user_id` int(11) NOT NULL,
  `message` longtext NOT NULL,
  `message_type` enum('incoming','outgoing') NOT NULL,
  `timestamp` timestamp NOT NULL DEFAULT current_timestamp()
) ENGINE=InnoDB DEFAULT CHARSET=utf8mb4 COLLATE=utf8mb4_general_ci;

--
-- Dumping data for table `user_chats`
--

INSERT INTO `user_chats` (`id`, `user_id`, `message`, `message_type`, `timestamp`) VALUES
(493, 6, 'ูุฑุญุจูุง', 'outgoing', '2024-09-02 19:34:13'),
(539, 8, 'ุงุดุฑุญ ุงููุธุฑูุฉ ุงููุณุจูุฉ ูุงููู ุทูู ูุฏูู 5 ุณููุงุช', 'outgoing', '2024-09-15 06:32:05'),
(540, 8, 'ุชุฎูู ุฃูู ุชูุนุจ ุจุงูุณูุงุฑุฉ ุงูุตุบูุฑุฉ ูู ุบุฑูุชู. ุนูุฏูุง ุชุฏูุนูุง ุจุณุฑุนุฉุ ุชุจุฏู ูู ุฃุณุฑุน ูู ุนูุฏูุง ุชุฏูุนูุง ุจุจุทุกุ ุตุญูุญุ&lt;br&gt;&lt;br&gt;ุงููุธุฑูุฉ ุงููุณุจูุฉ ุชููู ุฃู ุงูููุช ูุงููุณุงูุฉ ููุณุง ุซุงุจุชูู ูุซููุง ูุจุฏู ููุง. ุชูุงููุง ูุซู ุณุฑุนุชู ูู ุงููุนุจ ุจุงูุณูุงุฑุฉุ ูู ุดูุก ูุณุจู!&lt;br&gt;&lt;br&gt;ูุฅุฐุง ููุช ุชุฑูุถ ุจุณุฑุนุฉ ูุจูุฑุฉ ุฌุฏูุงุ ุณูุจุฏู ุงูููุช ุฃุจุทุฃ ุจุงููุณุจุฉ ูู ูู ุดุฎุต ูุงูู! ๐ฒ&lt;br&gt;&lt;br&gt;ูุฅุฐุง ุณุงูุฑุช ุจุณุฑุนุฉ ุงูุถูุกุ ุณูุตุจุญ ุงูููุช ูุชููููุง ุชูุงููุง! ๐&lt;br&gt;&lt;br&gt;ููู ูุง ุชูููุ ูุญู ูุง ูุณุงูุฑ ุจุณุฑุนุฉ ุงูุถูุก ุจุนุฏ! ๐&lt;br&gt;&lt;br&gt;ุงููุธุฑูุฉ ุงููุณุจูุฉ ุชููู ุฃูุถูุง ุฃู ุงูุถูุก ูู ุฃุณุฑุน ุดูุก ูู ุงูููู. ๐ซ&lt;br&gt;&lt;br&gt;ุฅููุง ูุธุฑูุฉ ุบุฑูุจุฉ ุจุนุถ ุงูุดูุกุ ููููุง ุชุณุงุนุฏ ุงูุนููุงุก ุนูู ููู ุงูููู ุจุดูู ุฃูุถู. ๐&lt;br&gt;', 'incoming', '2024-09-15 06:32:17'),
(541, 8, 'ููู ูููู ุงู ุชููุฏูู ูุงุฌูุฉ ุงููุณุชุฎุฏู ูู ุชุญุณูู ุฌูุฏุฉ ูุทุจูู ุงูุฌูุงู ุงูุฎุงุต ุจู ุงุฌุจ ุจุซูุงุซู ุงุณุทุฑ ูุญุฏ ุงูุตู', 'outgoing', '2024-09-15 06:37:37'),
(542, 8, 'ูุงุฌูุงุช ุงููุณุชุฎุฏู ุงูุฌูุฏุฉ ุชุฌุนู ุชุทุจููู ุณูู ุงูุงุณุชุฎุฏุงู ููุงุถุญูุงุ ููุง ูุญุณูู ุชุฌุฑุจุฉ ุงููุณุชุฎุฏู ููุฌุนูู ุฃูุซุฑ ุงูุฌุฐุงุจูุง. ุงูุชุตููู ุงููุฑูุญ ููููู ูู ุฎุทุฃ ุงููุณุชุฎุฏู ููุฌุนู ุงูุชุทุจูู ุฃูุซุฑ ูุงุนููุฉ. ูุงุฌูุงุช ุงููุณุชุฎุฏู ุงููุนุงูุฉ ุชุฒูุฏ ูู ุชููููุงุช ุงูุชุทุจูู ูุชุฌุนูู ุฃูุซุฑ ุงูุชุดุงุฑูุง.&lt;br&gt;', 'incoming', '2024-09-15 06:37:43');

--
-- Indexes for dumped tables
--

--
-- Indexes for table `bookmark`
--
ALTER TABLE `bookmark`
  ADD KEY `fk_userbmid` (`user_id`),
  ADD KEY `fk_playbmid` (`playlist_id`);

--
-- Indexes for table `books`
--
ALTER TABLE `books`
  ADD PRIMARY KEY (`id`),
  ADD KEY `fk_category_id` (`category_id`),
  ADD KEY `fk_tuterbid` (`tutor_id`);

--
-- Indexes for table `categories`
--
ALTER TABLE `categories`
  ADD PRIMARY KEY (`id`);

--
-- Indexes for table `comments`
--
ALTER TABLE `comments`
  ADD PRIMARY KEY (`id`),
  ADD KEY `fk_councid` (`content_id`),
  ADD KEY `fk_usercid` (`user_id`),
  ADD KEY `fk_totercid` (`tutor_id`);

--
-- Indexes for table `content`
--
ALTER TABLE `content`
  ADD PRIMARY KEY (`id`),
  ADD KEY `fk_playid` (`playlist_id`),
  ADD KEY `fk_tuterid` (`tutor_id`);

--
-- Indexes for table `likes`
--
ALTER TABLE `likes`
  ADD KEY `fk_likeuid` (`user_id`),
  ADD KEY `fk_liketid` (`tutor_id`),
  ADD KEY `fk_likecid` (`content_id`);

--
-- Indexes for table `mcq`
--
ALTER TABLE `mcq`
  ADD PRIMARY KEY (`id`),
  ADD KEY `content_id` (`content_id`);

--
-- Indexes for table `mcq_options`
--
ALTER TABLE `mcq_options`
  ADD PRIMARY KEY (`id`),
  ADD KEY `mcq_id` (`mcq_id`);

--
-- Indexes for table `playlist`
--
ALTER TABLE `playlist`
  ADD PRIMARY KEY (`id`),
  ADD KEY `fk_category` (`category_id`),
  ADD KEY `fk_tutorsid` (`tutor_id`);

--
-- Indexes for table `tutors`
--
ALTER TABLE `tutors`
  ADD PRIMARY KEY (`id`);

--
-- Indexes for table `users`
--
ALTER TABLE `users`
  ADD PRIMARY KEY (`id`);

--
-- Indexes for table `user_chats`
--
ALTER TABLE `user_chats`
  ADD PRIMARY KEY (`id`),
  ADD KEY `user_chats_ibf` (`user_id`);

--
-- AUTO_INCREMENT for dumped tables
--

--
-- AUTO_INCREMENT for table `books`
--
ALTER TABLE `books`
  MODIFY `id` int(11) NOT NULL AUTO_INCREMENT, AUTO_INCREMENT=54;

--
-- AUTO_INCREMENT for table `categories`
--
ALTER TABLE `categories`
  MODIFY `id` int(11) NOT NULL AUTO_INCREMENT, AUTO_INCREMENT=9;

--
-- AUTO_INCREMENT for table `comments`
--
ALTER TABLE `comments`
  MODIFY `id` int(11) NOT NULL AUTO_INCREMENT, AUTO_INCREMENT=82;

--
-- AUTO_INCREMENT for table `content`
--
ALTER TABLE `content`
  MODIFY `id` int(11) NOT NULL AUTO_INCREMENT, AUTO_INCREMENT=87;

--
-- AUTO_INCREMENT for table `mcq`
--
ALTER TABLE `mcq`
  MODIFY `id` int(11) NOT NULL AUTO_INCREMENT, AUTO_INCREMENT=61;

--
-- AUTO_INCREMENT for table `mcq_options`
--
ALTER TABLE `mcq_options`
  MODIFY `id` int(11) NOT NULL AUTO_INCREMENT, AUTO_INCREMENT=145;

--
-- AUTO_INCREMENT for table `playlist`
--
ALTER TABLE `playlist`
  MODIFY `id` int(11) NOT NULL AUTO_INCREMENT, AUTO_INCREMENT=10;

--
-- AUTO_INCREMENT for table `tutors`
--
ALTER TABLE `tutors`
  MODIFY `id` int(11) NOT NULL AUTO_INCREMENT, AUTO_INCREMENT=12;

--
-- AUTO_INCREMENT for table `users`
--
ALTER TABLE `users`
  MODIFY `id` int(11) NOT NULL AUTO_INCREMENT, AUTO_INCREMENT=9;

--
-- AUTO_INCREMENT for table `user_chats`
--
ALTER TABLE `user_chats`
  MODIFY `id` int(11) NOT NULL AUTO_INCREMENT, AUTO_INCREMENT=543;

--
-- Constraints for dumped tables
--

--
-- Constraints for table `bookmark`
--
ALTER TABLE `bookmark`
  ADD CONSTRAINT `fk_playbmid` FOREIGN KEY (`playlist_id`) REFERENCES `playlist` (`id`) ON DELETE CASCADE ON UPDATE CASCADE,
  ADD CONSTRAINT `fk_userbmid` FOREIGN KEY (`user_id`) REFERENCES `users` (`id`) ON DELETE CASCADE ON UPDATE CASCADE;

--
-- Constraints for table `books`
--
ALTER TABLE `books`
  ADD CONSTRAINT `fk_category_id` FOREIGN KEY (`category_id`) REFERENCES `categories` (`id`) ON DELETE CASCADE ON UPDATE CASCADE,
  ADD CONSTRAINT `fk_tuterbid` FOREIGN KEY (`tutor_id`) REFERENCES `tutors` (`id`) ON DELETE CASCADE ON UPDATE CASCADE;

--
-- Constraints for table `comments`
--
ALTER TABLE `comments`
  ADD CONSTRAINT `fk_councid` FOREIGN KEY (`content_id`) REFERENCES `content` (`id`) ON DELETE CASCADE ON UPDATE CASCADE,
  ADD CONSTRAINT `fk_totercid` FOREIGN KEY (`tutor_id`) REFERENCES `tutors` (`id`) ON DELETE CASCADE ON UPDATE CASCADE,
  ADD CONSTRAINT `fk_usercid` FOREIGN KEY (`user_id`) REFERENCES `users` (`id`) ON DELETE CASCADE ON UPDATE CASCADE;

--
-- Constraints for table `content`
--
ALTER TABLE `content`
  ADD CONSTRAINT `fk_playid` FOREIGN KEY (`playlist_id`) REFERENCES `playlist` (`id`) ON DELETE CASCADE ON UPDATE CASCADE,
  ADD CONSTRAINT `fk_tuterid` FOREIGN KEY (`tutor_id`) REFERENCES `tutors` (`id`) ON DELETE CASCADE ON UPDATE CASCADE;

--
-- Constraints for table `likes`
--
ALTER TABLE `likes`
  ADD CONSTRAINT `fk_likecid` FOREIGN KEY (`content_id`) REFERENCES `content` (`id`) ON DELETE CASCADE ON UPDATE CASCADE,
  ADD CONSTRAINT `fk_liketid` FOREIGN KEY (`tutor_id`) REFERENCES `tutors` (`id`) ON DELETE CASCADE ON UPDATE CASCADE,
  ADD CONSTRAINT `fk_likeuid` FOREIGN KEY (`user_id`) REFERENCES `users` (`id`) ON DELETE CASCADE ON UPDATE CASCADE;

--
-- Constraints for table `mcq`
--
ALTER TABLE `mcq`
  ADD CONSTRAINT `mcq_ibfk_1` FOREIGN KEY (`content_id`) REFERENCES `content` (`id`) ON DELETE CASCADE;

--
-- Constraints for table `mcq_options`
--
ALTER TABLE `mcq_options`
  ADD CONSTRAINT `mcq_options_ibfk_1` FOREIGN KEY (`mcq_id`) REFERENCES `mcq` (`id`) ON DELETE CASCADE;

--
-- Constraints for table `playlist`
--
ALTER TABLE `playlist`
  ADD CONSTRAINT `fk_category` FOREIGN KEY (`category_id`) REFERENCES `categories` (`id`) ON DELETE CASCADE ON UPDATE CASCADE,
  ADD CONSTRAINT `fk_tutorsid` FOREIGN KEY (`tutor_id`) REFERENCES `tutors` (`id`) ON DELETE CASCADE ON UPDATE CASCADE;

--
-- Constraints for table `user_chats`
--
ALTER TABLE `user_chats`
  ADD CONSTRAINT `user_chats_ibf` FOREIGN KEY (`user_id`) REFERENCES `users` (`id`) ON DELETE CASCADE ON UPDATE CASCADE;
COMMIT;

/*!40101 SET CHARACTER_SET_CLIENT=@OLD_CHARACTER_SET_CLIENT */;
/*!40101 SET CHARACTER_SET_RESULTS=@OLD_CHARACTER_SET_RESULTS */;
/*!40101 SET COLLATION_CONNECTION=@OLD_COLLATION_CONNECTION */;
